ItemID,ItemName,CategoryID,GroupID,DisplayIndex,DefaultPrice,DineInPrice,BarTabPrice,TakeOutPrice,CallInPrice,DeliveryPrice
1,"sp egg roll",4,1,1,1.45,,,,1.45,1.45
2,"Veg Roll A-2",4,1,2,1.45,,,,,
3,"Asian",4,1,26,0.00,,,,,
4,"Lo Mein",4,1,25,0.00,,,,,
5,"Fri Che wt A3",4,1,5,4.95,,,,,
6,"Shp Tempu 7",4,1,21,5.50,,,,,
7,"Bf on Stick6",4,1,17,6.95,,,,,
8,"Crispy Tofu5",4,1,13,5.50,,,,,
9,"co ses.  Ndl 4",4,1,9,5.50,,,,,
10,"Fried  Rice",8,1,24,0.00,,,,,
11,"Chic-ken",7,1,27,0.00,,,,,
12,"Hunan Chic C2",7,2,12,15.95,9.95,,9.95,9.95,15.95
13,"Kung P Chic C3",7,2,16,15.95,9.95,,9.95,9.95,15.95
14,"Grlic Chkn C4",7,2,20,15.95,9.95,,9.95,9.95,15.95
15,"Szechu ChicC5",7,2,24,15.95,9.95,,9.95,9.95,15.95
16,"Strin Bn Chic",7,2,28,15.95,9.95,,9.95,9.95,15.95
17,"Veggie Chic 7",7,2,9,15.95,9.95,,9.95,9.95,15.95
18,"Brocco Chic 8",7,2,13,15.95,9.95,,9.95,9.95,15.95
19,"Curry Chic16",7,2,22,15.95,9.95,,9.95,9.95,15.95
20,"Mu Gu Gai P C9",7,2,17,15.95,9.95,,9.95,9.95,15.95
21,"Sha Cha Chic 10",7,2,21,15.95,9.95,,9.95,9.95,15.95
22,"Ck  Blk B SauC12",7,2,29,15.95,9.95,,9.95,9.95,15.95
23,"EggPlnt Ch C",7,2,10,15.95,9.95,,9.95,9.95,15.95
24,"SweetSr Chic 11",7,2,25,15.95,9.95,,9.95,9.95,15.95
25,"Cashew Ck C14",7,2,14,15.95,9.95,9.95,9.95,9.95,15.95
26,"Pepper Chic15",7,2,18,15.95,9.95,,9.95,9.95,15.95
27,"Mu Shu Chic/w rice",7,2,15,13.95,8.50,,8.50,8.50,13.95
28,"Steam Mix Veg 1",3,6,8,12.95,8.95,,8.95,8.95,12.95
29,"Steam Broccoli",3,6,16,12.95,8.95,,8.95,8.95,12.95
30,"Strng Ben Stm",3,6,15,11.95,7.95,,7.95,7.95,
31,"Steam Tofu Brocolli",3,6,12,12.95,8.95,,8.95,8.95,12.95
32,"Steam Tofu Vegetables",3,6,20,12.95,8.95,,8.95,8.95,12.95
33,"Steam Chicken Veggie",3,6,24,15.95,9.95,,9.95,9.95,15.95
34,"Steam Chicken Brocolli",3,6,28,15.95,9.95,,9.95,9.95,15.95
35,"Sh Stri Bean steamed",3,6,15,10.95,6.95,,6.95,6.95,
36,"Scalop Broc Steam",3,6,14,10.95,6.95,6.95,6.95,6.95,
37,"Drunken  Noodle-H1",2,10,27,6.25,,,,,
38,"Singa Ndle7",2,10,21,12.95,12.95,,12.95,12.95,12.95
39,"See-U Ndle",2,10,8,12.95,,,,,
40,"Pud Thai-H4",2,10,23,6.25,,,,,
41,"Basil F. Rice9",2,10,22,10.95,,,,,10.95
42,"Brneo F. Ri10",2,10,18,10.95,,,,,10.95
43,"ＬＡＫＳA.",2,10,16,13.95,11.95,,11.95,11.95,13.95
44,"Indo Fri Rice C V",2,10,23,10.95,10.95,,10.95,10.95,10.95
45,"Indo Noodl6",2,10,9,12.95,,,,,12.95
46,"H Kong Ndle.",2,10,1,12.95,,,,,12.95
47,"Hunan Tofu1",6,7,12,12.95,8.95,,8.95,8.95,12.95
48,"Kung Pao Tofu2",6,7,16,12.95,8.95,,8.95,8.95,12.95
49,"Strng Ben Tofu",6,7,23,12.95,8.95,,8.95,8.95,12.95
50,"Ma Po Tofu5",6,7,14,12.95,8.95,,8.95,8.95,12.95
51,"Gnrl Tso Tofu..",6,7,26,12.95,8.95,,8.95,8.95,12.95
52,"Broc  Garlic8",6,7,11,12.95,8.95,,8.95,8.95,12.95
53,"Szec Str Bean 9",6,7,28,12.95,8.95,,8.95,8.95,12.95
54,"Egplt Gar Sa11",6,7,10,12.95,8.95,,8.95,8.95,12.95
55,"Bean Sprout Tofu",6,7,21,12.95,8.95,,8.95,8.95,12.95
56,"Brocco Tofu4",6,7,13,12.95,8.95,,8.95,8.95,12.95
57,"Veggie Tofu3",6,7,18,12.95,8.95,,8.95,8.95,12.95
58,"Sesam Tofu7",6,7,15,12.95,8.95,,8.95,8.95,12.95
59,"Veg Delight107.5",6,7,9,12.95,8.95,,8.95,8.95,12.95
60,"Sau Bean Sprot12",6,7,30,12.95,8.95,,8.95,8.95,12.95
61,"Moo Shi Veggie",6,7,11,10.95,7.50,,7.50,7.50,10.95
62,"Steam Rice 1/2 Pt",13,13,1,1.00,,,,,
63,"16 oz St. Rice (Pt)",13,13,2,2.00,,,,,
64,"Noodle Steam 8oz",13,13,5,1.25,,,,,
65,"St. Noodle 16oz",13,13,11,3.00,,,,,
66,"Fried Rice 8ozl",13,13,9,1.25,,,,,
67,"Fried Rice 16oz",13,13,6,4.00,4.00,,4.00,4.00,4.00
68,"Brown Rice 8oz",13,13,13,1.25,,,,,
69,"Brown Ri 16oz",13,13,10,3.00,,,,,3.00
70,"HOT CHILLI OIL 8OZ",13,13,17,3.00,,,,,
71,"Steam Veg 16oz",13,13,19,4.00,,,,,
72,"Extra Vegie$1",13,13,21,1.00,,,,,
73,"Extra Meat $4",13,13,22,4.00,,,,,
74,"Extra Pancake",13,13,31,0.50,,,,,
75,"Hunan Beef1",11,3,12,17.95,10.95,,10.95,10.95,17.95
76,"Hunan Beef.",11,3,1,10.95,,,,,
77,"Garlic Beef2",11,3,20,17.95,10.95,,10.95,10.95,17.95
78,"Garlic Beef.",11,3,5,10.95,,,,,
79,"Szechn Bf 3",11,3,24,17.95,10.95,,10.95,10.95,17.95
80,"Szechn Bf.",11,3,9,10.95,,,,,
81,"Veggie Beef",11,3,9,17.95,10.95,,10.95,10.95,17.95
82,"Beef Vege",11,3,13,10.95,,,,,
83,"Broc Beef 5",11,3,13,17.95,10.95,,10.95,10.95,17.95
84,"Broc Beef.",11,3,17,10.95,,,,,
85,"Bf Blk Bn s6",11,3,29,17.95,10.95,,10.95,10.95,17.95
86,"Beef.Blk Bn大",11,3,21,10.95,,,,,
87,"Beef Pepr Oni7",11,3,26,17.95,10.95,,10.95,10.95,17.95
88,". Bef Pepr oni大",11,3,25,10.95,,,,,
89,"Veggie Soup1",5,11,0,3.25,3.25,,3.25,3.25,3.25
90,"Large Veggie Soup S-1",5,11,1,3.90,,,,,
91,"Hot Sour Soup2",5,11,4,3.25,2.25,,3.25,3.25,3.25
92,"Lrg HotSour Soup",5,14,31,3.90,,,,,
93,"Wonton Soup3",5,11,8,3.25,2.25,,3.25,3.25,
94,"Large Wonton Soup S-3",5,11,9,3.90,,,,,
95,"m C C S4",5,11,12,3.25,2.25,,3.25,3.25,
96,"Large MincChicCorn S-4",5,11,13,3.90,,,,,
97,"Triple Delight soup.",5,11,17,7.95,,,,,
98,"H.K. Noodle Sou6",5,11,20,9.95,,,,,
99,"Large H.K. N.Soup S-6",5,11,17,8.25,,,,,
100,"Thai Noodle Soup S-7",5,11,26,8.95,,,,,
101,"Lrg Thai Noodle S-7",5,11,21,8.25,,,,,
102,"Vietnam Ndle Sp7.98",5,11,30,8.95,,,,,
103,"Lrg Vietnam N.Soup S-8",5,11,25,8.25,,,,,
104,"Veg Fri Rice1",8,8,0,9.95,,,,,
105,". Vegs. Fri Rice大",8,8,2,8.95,,,,,
106,"Chic Fri Rice2",8,8,4,9.95,,,,,
107,". Chic Fri Rice大",8,8,6,8.95,,,,,
108,"Pork Fri Rice",8,8,9,1000.00,,,,,8.95
109,". Pork Fri Rice大",8,8,10,8.95,,,,,
110,"Bf Fri Rice3",8,8,8,10.95,,,,,
111,". Bf  fr  rice大",8,8,14,8.95,,,,,
112,"Shr Fried Rice4",8,8,12,10.95,,,,,
113,". Shp Fri Rice大",8,8,18,8.95,,,,,
114,"Com Fr Rice5",8,8,16,10.95,10.95,,10.95,10.95,
115,". Com Frd Rice大",8,8,22,8.95,,,,,
116,"Thai Tea",14,14,18,2.50,,,,,2.50
117,"Ice Tea",14,14,14,1.50,,,,,1.50
118,"Hunan Sh 1",10,4,12,17.95,10.95,,10.95,10.95,17.95
119,"Hunan Shrimp.",10,4,1,11.95,,,,,
120,"Garlic Shrp 2",10,4,20,17.95,10.95,,10.95,10.95,17.95
121,". Garlic Shrimp大",10,4,5,11.95,,,,,
122,"Szechn Shp  3",10,4,24,17.95,10.95,,10.95,10.95,17.95
123,"大Szech Shrip",10,4,9,10.95,,,,,
124,"String Bn Shrp 4",10,4,28,17.95,10.95,,10.95,10.95,17.95
125,"String Bean Shrimp",10,4,13,11.95,,,,,
126,"Szechuan Scallop",10,4,6,10.95,6.95,,6.95,6.95,
127,"大Szechuan Scallop",10,4,7,11.95,,,,,
128,"Hunan ShrimpScallop",10,4,7,10.95,6.95,,6.95,6.95,
129,"大HunanShrimpScallop",10,4,15,10.95,,,,,
130,"Garlic  Shrimp Scallop",10,4,15,10.95,6.95,,6.95,6.95,
131,"大Garlic  S.Scallop",10,4,19,11.95,,,,,
132,"Veggie Scallop",10,4,27,10.95,6.95,,6.95,6.95,
133,"大Veggie Scallop",10,4,11,11.95,,,,,
134,"Shp Lob Sauce  9",10,4,23,17.95,10.95,,10.95,10.95,17.95
135,"大Shrimp Lobster S",10,4,3,10.95,,,,,
136,"BlackBean Sh 8",10,4,29,17.95,10.95,,10.95,10.95,17.95
137,"大  Blk  Bean Shrimp",10,4,29,10.95,,,,,
138,"SweetSour Sh 7",10,4,25,17.95,10.95,,10.95,10.95,17.95
139,".. SweetSour Shrimp大",10,4,25,11.95,10.95,,10.95,10.95,
140,"Brocco  Shp 6",10,4,13,17.95,10.95,,10.95,10.95,17.95
141,"大 Broc  Shrp",10,4,21,10.95,,,,,
142,"Shrp Vege 5",10,4,9,17.95,10.95,,10.95,10.95,17.95
143,"大 Shrp Vege",10,4,17,10.95,,,,,
144,"kg Pao 2  Kind大",1,12,1,11.95,,,,,
145,"K Pao 2  Kind12",1,12,0,14.95,9.95,,9.95,9.95,
146,"G Ts  Ck15",1,12,8,12.95,8.95,,8.95,8.95,12.95
147,"General Tso Chicken",1,12,9,8.95,,,,,9.95
148,"Orng Chic",1,12,12,12.95,8.95,9.95,8.95,8.95,
149,"大。 Orange Chic",1,12,13,9.95,,,,,
150,"House Ck.",1,12,20,14.95,9.95,,9.95,9.95,
151,"House Chkn大",1,12,21,10.95,,,,,
152,"Red Cury Chkn22",1,12,10,14.95,9.50,,9.50,9.50,
153,"。 RedCurry Ck",1,12,11,9.95,10.95,,10.95,10.95,
154,"Ginger Beef.20",1,12,14,16.95,10.95,9.00,10.95,10.95,
155,"Ginger Beef-大",1,12,15,10.95,12.95,,12.95,12.95,
156,"Orange Beef",1,12,28,8.50,,,,,
157,"Large Orange Beef",1,12,29,12.95,,,,,
158,"Triple Delite14",1,12,4,14.95,9.95,,9.95,9.95,
159,"。 Trip Delit大",1,12,5,11.95,,,,,
160,"Sesame Ck17",7,12,16,14.95,8.95,,8.95,8.95,
161,"。 Sesme Chic大",1,12,17,10.95,,,,,
162,"Mongo  Bf19",1,12,24,16.95,9.95,,9.95,9.95,
163,"Mogol  Bf大",1,12,25,12.95,,,,,
164,"Sesame Beef",1,12,2,8.50,,,,,
165,"。 Sesame Beef",1,12,3,12.95,,,,,
166,"Basil Chic21",1,12,6,14.95,9.50,8.95,9.50,9.50,
167,"。 Basil Chic大",1,12,7,9.95,,,,,
168,"Veg  Lo Mein",9,9,0,9.95,,,,,
169,"Lg Veg Lo Mein",9,9,2,8.95,,,,,
170,"Ck Lo Mein2",9,9,4,9.95,,,,,
171,"Chic  Lo Mein  LG",9,9,6,8.95,,,,,
172,"Pork Lo mein",9,9,9,10000.00,,,,,9.95
173,"Lg  Pk Lo Mein",9,9,10,8.95,,,,,
174,"Beef Lo Mein3",9,9,8,10.95,,,,,
175,"Lrg  Bf Lo Mein",9,9,14,8.95,,,,,
176,"Sh Lo Mein4",9,9,12,10.95,,,,,
177,"Lrg  Shp Lo Mein",9,9,18,8.95,,,,,
178,"Comb Lo Mn5",9,9,16,10.95,,,,,
179,"Lrg com Lo Mein",9,9,22,8.95,,,,,
180,"Hunan  Pork",12,5,4,9.95,5.95,,5.95,5.95,
181,". Hu Pork",12,5,1,8.95,,,,,
182,"Pork Garlic Sauce",12,5,12,9.95,5.95,,5.95,5.95,
183,". Garlic Pk",12,5,5,8.95,,,,,
184,"Pork w. Veggie",12,5,24,9.95,5.95,,5.95,5.95,
185,". Veg Pork",12,5,9,8.95,,,,,
186,"Sha Cha Pork",12,5,6,9.95,5.95,,5.95,5.95,
187,". Sha Cha Pk",12,5,13,8.95,,,,,
188,"SwtSour Pk",12,5,10,9.95,5.95,5.95,5.95,5.95,
189,". SwtSour Pk",12,5,17,8.95,,,,,
190,"Pork W. Eggplant",12,5,18,9.95,5.95,,5.95,5.95,
191,".EPlant Pk",12,5,21,8.95,,,,,
192,"MuShi Pork",12,5,31,9.95,,,,,
193,". MuShi Pk",12,5,25,9.45,,,,,
194,"Twice Cook Pork",12,5,0,9.95,5.95,,5.95,5.95,
195,". Twice Cook Pk",12,5,29,8.95,,,,,
196,"String Bn Bf",11,3,28,17.95,10.95,,10.95,10.95,17.95
197,". String Bn Bf",11,3,3,10.95,,,,,
198,"Steam Mix Veggie.",3,6,1,7.95,,,,,
199,"Stm Strng Ben.",3,6,25,7.95,,,,,
200,"Steam Chic Veggie.",3,6,17,8.95,,,,,
201,". Steam Chic Broc",3,6,19,9.95,,,,,
202,"Steam Broccoli.",3,6,29,7.95,,,,,
203,"Sh Stri Bean Steam .",3,6,7,10.95,,,,,
204,". Stm Scalop Broc",3,6,15,13.95,,,,,
205,"Steam Tofu Broc.",3,1,7,7.95,,,,,
206,"Steam Tofu Veggie.",3,6,5,7.95,,,,,
207,"LG  Curry Chicken",7,2,31,8.95,,,,,
208,"Garlic Chick",7,2,13,8.95,,,,,
209,"Hunan Chic",7,2,5,8.95,,,,,
210,"Kung Po Chic LG",7,2,9,8.95,,,,,
211,"Stri Bn Chic",7,2,21,8.95,,,,,
212,"Szechn Chic",7,2,17,8.95,,,,,
213,"。 Broccoli Ck",7,2,29,8.95,,,,,
214,"LG  Blk B Chkn",7,2,15,8.95,,,,,
215,"LG-Cashew Ck",7,2,23,8.95,,,,,
216,"LG  EggPlt Ck",7,2,19,8.95,,,,,
217,"。 Moo Goo Gai Pan",7,2,3,8.95,,,,,
218,"Large MooShi Chicken",7,25,1,9.45,,,,,
219,"LG  Pepper Ck",7,2,27,8.95,,,,,
220,"SwetSr Chkn. LG",7,2,11,8.95,,,,,
221,"Sha Cha Chkn. LG",7,2,7,8.95,,,,,
222,"Veggie Chic",7,2,25,8.95,,,,,
223,"DrunkenNoodle H1.",2,10,1,8.25,,,,,
224,". Crry Vermicli",2,10,25,8.25,,,,,
225,"See-U Ndle.",2,10,5,8.25,,,,,
226,"Pad Thai. sh",2,10,24,13.95,13.95,,13.95,13.95,13.95
227,"H.K Noodle-",2,10,17,8.25,,,,,
228,"Indo FRice-H7.",2,10,11,8.25,,,,,
229,"LAKSA H10.",2,10,19,9.95,,,,,
230,"Indo Noodle H8",2,10,21,8.25,,,,,
231,"Basil F. Rice-.",2,10,3,8.25,,,,,
232,"Brneo F. Rice.",2,10,7,8.25,,,,,
233,"Gnrl Tso Tofu . LG",6,7,25,7.95,,,,,
234,"Hunan Tofu  LG",6,7,1,7.95,,,,,
235,"Kung P Tofu  LG",6,7,5,7.95,,,,,
236,"Ma Po Tofu . LG",6,7,21,7.95,,,,,
237,"Strin Bn Tofu . LG",6,7,9,7.95,,,,,
238,"Broc Garlic . LG",6,7,3,7.95,,,,,
239,"Eggplt Garlic . LG",6,7,15,7.95,,,,,
240,"Sze Bean . LG",6,7,7,7.95,,,,,
241,"Bean Spr Tofu . LG",6,7,29,7.95,,,,,
242,"Broccoli Tofu . LG",6,7,17,7.95,,,,,
243,"Veggie Tofu . LG",6,7,13,7.95,,,,,
244,"Sesam Tofu . LG",6,7,27,7.95,,,,,
245,"Veggie Delit  LG",6,7,11,7.95,,,,,
246,"Bean Sprout .",6,7,23,7.95,,,,,
247,"Moo Shi Veggie .",6,7,19,8.45,,,,,
248,"7 up",14,14,0,1.25,,,,,1.50
249,"coke",14,14,5,1.25,,,,,1.50
250,"Diet coke",14,14,9,1.25,,,,,1.50
251,"Pepsi",14,14,4,1.25,,,,,1.50
252,"Diet pepsi",14,14,8,1.25,,,,,1.50
253,"water 23oz $1.89",14,14,31,1.35,,,,,1.99
254,"Orange Soda",14,14,10,1.25,,,,,1.50
255,"O/J $2.50",14,14,19,2.50,,,,,2.50
256,"Sprite",14,14,2,1.25,,,,,1.50
257,"Mountain Dew",14,14,12,1.25,,,,,1.25
258,"Diet 7 up",14,14,13,1.25,,,,,1.50
259,"Dr Pepper",14,1,0,0.75,,,,,1.00
260,"Grape Soda",14,14,25,1.00,,,,,1.00
261,"GingerAle1",14,14,6,1.25,,,,,1.50
262,"Apple/J2.5",14,14,23,2.50,,,,,2.50
263,"Papaya/J2.5",14,14,11,2.50,,,,,2.50
264,"Cranberry/J",14,14,15,2.50,,,,,2.50
265,"Grape/J",14,14,27,2.50,,,,,2.50
266,"Soda",13,15,8,0.00,,,,,
267,"Five Spice Fried Chic",1,16,25,6.95,5.75,,5.75,5.75,
268,"Special Chicken",1,16,17,6.95,,,,,
269,"Special Beef",1,16,21,7.95,,,,,
270,"Hot Tea/Green",14,14,16,1.50,,,,,
271,"Vegie Chow Mein",15,17,1,7.95,,,,,
272,"Chicken Chow Mein",15,17,5,9.95,,,,,
273,"Pork Chow Mein",15,17,9,9.95,,,,,
274,"Beef Chow Mein",15,17,13,11.95,,,,,
275,"Shrimp Chow Mein",15,17,17,10.95,,,,,
276,"Combo Chow Mein",15,17,21,11.95,,,,,
277,". Vegie Chow Mein",15,17,2,7.95,,,,,
278,". Pork Chow Mein",15,17,10,8.95,,,,,
279,". Shrimp Chow Mein",15,17,18,9.95,,,,,
280,". Chicken ChowMein",15,2,25,5.95,,,,,8.95
281,"coffee",14,14,20,1.75,,,,,
282,". Combo Chow Mein",15,17,22,9.95,,,,,
283,"ER",13,15,1,0.00,,,,,
284,"pk w BlkBean",12,5,14,9.95,5.95,,5.95,5.95,
285,". Pk w. BlkBn",12,5,7,8.95,,,,,
286,"Curry Pork6.95",12,5,30,9.95,5.95,,5.95,5.95,
287,". Curry Pk",12,5,11,8.95,,,,,
288,"Pk w StringBean",12,5,20,9.95,5.95,,5.95,5.95,
289,". Pk w. StriBean",12,5,23,8.95,,,,,
290,"SzecPork",12,5,16,9.95,5.95,,5.95,5.95,
291,". Sze Pk",12,5,27,8.95,,,,,
292,"Pk w. PepOni",12,5,26,9.95,5.95,,5.95,5.95,
293,". Pk PeprOni",12,5,19,8.95,,,,,
294,"MuGu Pork",12,5,2,9.95,,,,,
295,". Moo Pk",12,5,15,8.95,,,,,
296,"Pork  Broc",12,5,28,9.95,5.95,,5.95,5.95,
297,". Pk Broc",12,5,3,8.95,,,,,
298,"Sha Cha Bef",11,3,21,17.95,10.95,,10.95,10.95,17.95
299,". Sha Cha Bf",11,3,23,10.95,,,,,
300,"Curry Beef",11,3,18,17.95,10.95,,10.95,10.95,17.95
301,"。 Curry Beef",11,3,31,10.95,,,,,
302,"MooShi Beef",11,3,11,15.95,10.50,,10.50,10.50,15.95
303,". MooShi Bf/w rice",11,3,23,15.95,10.50,,10.50,10.50,15.95
304,"Eggplnt-Bf",11,3,10,17.95,10.95,10.95,10.95,10.95,17.95
305,". Beef Eggplt",11,3,11,10.95,,,,,
306,"Moo Goo Beef",11,3,17,17.95,10.95,,10.95,10.95,17.95
307,". Moo Goo Beef",11,3,19,10.95,,,,,
308,"Moo Shi Sh/w rice",10,4,23,15.95,9.50,,9.50,9.50,
309,"Large MooShi Shrimp",10,4,17,12.45,,,,,
310,"Red Curry Tofu",1,12,22,6.45,,,,,8.95
311,"大 Red Curry Tofu",1,12,23,9.45,,,,,
312,"Sm.Napa Cabbage",6,7,30,5.25,,,,,
313,"Napa Cabbage",6,7,31,7.95,,,,,
314,"Fried ck dumpl",4,1,26,6.50,5.95,,5.95,5.95,6.50
315,"Stm ck dumpl8",4,1,25,6.50,5.95,,5.95,5.95,6.50
316,"Fried  veg.dumpl",4,1,30,5.75,5.25,,5.25,5.25,5.75
317,"stmed v dumpl9",4,1,29,5.75,5.25,,5.25,5.25,5.75
318,"2 Spring Rolls free",13,15,4,0.00,,,,,
319,"2 Vegie Rolls free",13,15,0,0.00,,,,,
320,"General Tso Chicken Free",13,2,17,0.00,,,,,
321,"Steam Veg Dumpling n/c",13,15,13,0.00,,,,,
322,"Fried Veg Dumpling n/c",13,15,9,0.00,,,,,
323,"Stm Chic Dpl nc",13,15,5,0.00,,,,,
324,"Fried Chic Dumpling nc",13,15,10,0.00,,,,,
325,"Shrp Eggplt",10,4,10,17.95,10.95,,10.95,10.95,17.95
326,"大Shrimp Eggplant",10,4,31,10.95,,,,,
327,"Scallop Eggplant",10,4,6,6.95,,,,,
328,"Large Scallop Eggplant",10,4,7,11.95,,,,,
329,"Fried Noodle",13,13,29,0.35,,,,,
330,"Small Chicken Broth",5,11,23,1.00,,,,,
331,"SOUP",5,11,22,2.00,,,,,
332,"#Combo",13,18,9,2.50,,,,,
333,"#ComboVSR",13,18,10,2.50,,,,,
334,"Steam Shrimp Brocolli",3,6,29,17.95,10.95,,10.95,10.95,17.95
335,"Shrimp Broc Steam.",3,6,3,10.95,,,,,
336,"Shrmp-Scalop Veg",3,6,10,10.95,6.95,,6.95,6.95,
337,"Sh/.Scal Vegie Steam",3,6,11,13.95,,,,,
338,"Cookie",13,13,31,0.10,,,,,
339,"CHICKEN",16,19,0,5.75,,,5.75,5.75,5.75
340,"BEEF",16,19,4,6.50,,,6.50,6.50,6.50
341,"shrimp",18,19,8,6.95,6.95,,6.95,6.95,6.95
342,"scallop",10,19,12,6.95,6.95,,6.95,6.95,6.95
343,"Fork",18,15,18,0.00,,,,,
344,"Side order",5,1,8,0.00,,,,,
345,"Pork",18,1,29,0.00,,,,,
346,"Free Item",1,1,4,0.00,,,,,
347,"Chow Mein",1,2,25,0.00,,,,,
348,"Hot-Oil sauce",1,15,12,0.00,,,,,
349,"Exc-Bro Rice",1,16,13,1.50,,,,,
350,"16",13,16,14,0.00,,,,,
351,"Brocco Steamed Sm",13,13,25,3.95,,,,,
352,"Broc Stmed 16 oz",13,13,13,4.00,,,,,
353,"FiREHOT CHICKEN WITH C",4,1,11,14.95,,,,,
354,"Green Soda",14,14,26,2.00,1.75,,1.75,1.75,2.00
355,"Pineapple Milk",14,14,3,1.75,,,,,2.00
356,"Beijing Ck",1,24,1,9.95,,,,,
357,"Nanjing Chicken.",1,24,5,8.95,,,,,
358,"Beijing Ck-S",1,24,0,6.95,,,,,
359,"Nanjing Chicen-S",1,24,4,5.75,,,,,
360,"General Tso  Chicken Catering",1,24,6,45.00,,,,,
361,"duck sauce",13,15,20,0.00,,,,,
362,"mustard",18,15,24,0.00,,,,,
363,"sweet   s   sauce",18,15,25,0.00,,,,,
364,"napkin",18,15,14,0.00,,,,,
365,"chopstick",18,15,26,0.00,,,,,
366,"dumpling  sa",18,15,29,0.00,,,,,
367,"Brisk Tea",14,14,1,1.25,,,,,1.50
368,"moo goo shrimp",10,4,0,16.95,9.95,,9.95,9.95,
369,"ALL NO MSG",13,15,15,0.00,,,,,
370,"All extra spicy",13,15,7,0.00,,,,,
371,"Redcurry Shrimp",1,4,4,17.95,11.95,,11.95,11.95,
372,"sh  bf   tofu",1,24,7,10.50,,,,,16.95
373,"sh  bf  tofu",1,24,3,12.95,,,,,16.95
374,"General Tso Beef",1,24,8,7.50,,,,,
375,"ginger shrimp",10,4,27,11.95,,,,,
376,"Hunan three kind",1,24,11,7.95,,,,,
377,"Student discount",13,15,2,0.00,,,,,
378,"Fried Egg",4,1,15,1.35,,,,,
379,"Nanjin Chi C1",7,2,8,15.95,9.95,,9.95,9.95,15.95
380,"炸药菜蔬醋酸洒",17,25,0,222.00,,,,,
381,"Large Mushi Chicken",7,2,31,9.45,,,,,
382,"General Tso Chicken Large",7,25,5,9.95,,,,,
383,"Lar Orange Chicken",7,25,9,9.95,,,,,
384,"LarSesame Chicken",17,25,13,10.95,,,,,
385,"Larg House Chicken",17,25,17,10.95,,,,,
386,"Larg Basil Chicken",7,25,21,9.95,,,,,
387,"Larg RedCurry Chicken",7,25,25,9.95,,,,,
388,"RedCurry Chic",17,25,24,6.50,,,,,
389,"Soy",13,15,16,0.00,,,,,
390,"Chicken鸡",7,1,3,8.95,,,,,
391,"Schz Tofu . LG",6,7,31,7.95,,,,,
392,"Szec Tofu",6,7,24,12.95,8.95,,8.95,8.95,12.95
393,"side sauce",13,13,3,2.00,,,,,
394,"sasame sauce $2",13,13,0,2.00,,,,,
395,"ALL NO RICE",13,15,19,0.00,,,,,
396,"ALL NO SPICY",13,15,23,0.00,,,,,
397,"16  OZ",13,15,21,0.00,,,,,
398,"PLASTIC CONTAINER",13,15,10,0.00,,,,,
399,"H-7BIG SH",2,24,24,8.95,,,,,
400,"H-8 BIG SH",2,24,28,8.95,,,,,
401,"LGE  H-7BIG SH",2,24,25,12.95,,,,,
402,"LGE  H-8BIG SH",2,24,29,12.95,,,,,
403,"Napa white tofu",6,24,2,6.95,,,,,
404,"H-9 BIG SH",2,24,26,8.95,,,,,
405,"LGE  H-9BIG SH",2,24,27,12.95,,,,,
406,"H-10 BIG SH",2,24,30,9.95,,,,,
407,"H-10 BIG SH  Lg",2,24,31,13.95,,,,,
408,"Kiwi St/J",14,14,27,1.75,,,,,2.00
409,"Apple EVE",14,14,26,1.50,,,,,
410,"FORTUNE COOKIES",13,15,28,0.00,,,,,
411,"Beef sta",11,1,7,5.75,,,,,
412,"Vege Delight w Veg dpl",1,16,26,5.50,,,,,
413,"镁餐桌菜篮子叉 抄",2,10,27,6.25,,,,,
414,"Alacarte",2,24,9,100.00,,,,,
415,"Taxi",2,24,10,100.00,,,,,
416,"Plate",18,15,22,0.00,,,,,
417,"Lo Me sep. ndle/ck",9,9,31,8.95,,,,,
418,"S     WATER",14,14,30,0.90,,,,,1.25
419,"Fanta  Strawberry",14,14,26,0.75,,,,,1.00
420,"lemonade",14,14,28,0.80,,,,,1.00
421,"Snapple Ice Tea",14,14,29,1.75,,,,,2.00
422,"C C S /noodles",5,11,31,2.50,,,,,
423,"Chicken with",7,24,12,6.95,,,,,
424,".Chicken with",7,24,13,9.95,,,,,13.95
425,"steam tofu16oz",13,13,16,3.50,,,,,
426,"Beef..盒",11,3,28,11.95,,,,,
427,"GRAPERUIT JUICE",14,14,25,1.75,,,,,2.00
428,"ALL LIGHT OIL",13,15,11,0.00,,,,,
429,"ALL EXTRA SAUCE",13,15,3,0.00,,,,,
430,"SPOON",18,15,17,0.00,,,,,
431,"Yogurt",14,14,25,1.50,,,,,1.50
432,"valid colge ID",18,27,0,0.00,,,,,
433,"Appetiz mix",4,1,23,40.00,,,,,
434,"Menu",13,15,0,0.00,,,,,
435,"sets",13,15,30,0.00,,,,,
436,"Basil Shrimp",1,12,19,15.95,10.95,,10.95,10.95,
437,"Pink Soda",14,14,26,1.75,,,,,2.00
438,"veg. soup   H",5,11,2,1.95,1.95,,,,
439,"Triple Delt Sp",5,11,18,5.00,,,,,
440,"BASIL NOODL1",2,10,0,11.95,,,,,11.95
441,"KngPao 2 Kind",2,4,15,10.95,6.95,,6.95,6.95,
442,"Triple Delight",2,10,6,7.95,6.95,,6.95,6.95,
443,"Gnrl Ts`os Ch",2,10,1,8.95,5.95,,5.95,5.95,9.95
444,"Orange Chkn",2,10,3,8.95,6.95,,6.95,6.95,
445,"Sesme Chkn",2,10,18,8.95,6.95,,6.95,6.95,
446,"House Chkn.",2,10,22,10.95,6.95,,6.95,6.95,
447,"Mongo Beef.19",2,10,28,19.95,11.95,,11.95,11.95,
448,"Basil Chicken.",2,10,15,9.95,6.95,,6.95,6.95,
449,"Red Cury Chkn.22",2,10,31,14.95,8.95,,8.95,8.95,14.95
450,"vermi soup7",5,11,24,9.95,,,,,
451,"lo mein ndl sp8",5,11,28,9.95,,,,,
452,"chicken..",7,2,1,6.95,,,,,8.95
453,"Steam Shrimp Veggie",3,6,25,17.95,10.95,,10.95,10.95,17.95
454,"HHS   H",5,11,6,1.95,,,,,
455,"WTS    H",5,11,10,1.95,,,,,
456,"CCS   H",5,11,14,1.95,,,,,
457,"app. mixed",19,28,0,45.00,,,,,
458,"dumpling",19,28,4,45.00,,,,,
459,"FRIED RICE.大大",19,28,8,65.00,,,,,
460,"COMBO FRIED RICE CA",19,28,14,45.00,,,,,
461,"INDO F. RICE",19,28,17,70.00,,,,,
462,"LO MEIN CATERING",19,28,12,65.00,,,,,
463,"SHRIMP LO MEIN    CA",19,28,26,45.00,,,,,
464,"SINGA CUR VERM",19,28,7,65.00,,,,,
465,"KONG PAO CHICKEN",19,28,18,75.00,,,,,
466,"CHICKEN/ MIXED   VEG.",19,28,5,75.00,,,,,
467,"TWICED COOKED PORK",19,28,15,40.00,,,,,
468,"BEEF/ BROCCOLI",19,28,13,85.00,,,,,
469,"SRIMP/ MIXED  VEG",19,28,25,85.00,,,,,
470,"General Tso Chicken Catering 2",19,28,21,75.00,,,,,
471,"SESAME CHICKEN..",19,28,29,85.00,,,,,
472,"BASIL CHICKEN..",19,28,24,80.00,,,,,
473,"CHICKEN.",16,30,0,5.95,,,,,6.95
474,"BEEF.",11,30,1,6.95,,,,,7.95
475,"SHRIMP.",11,30,2,6.95,,,,,7.95
476,"PORK.",16,30,3,5.95,,,,,6.95
477,"FRIED RICE",8,30,4,5.45,,,,,6.95
478,"LO MEIN.",8,30,5,5.45,,,,,6.95
479,"COMBO",8,30,6,2.00,,,,,15.00
480,"General Tso Chicken Test",1,30,7,5.95,,,,,8.95
481,"pork..盒",12,5,30,6.95,,,,,8.95
482,"shrimp...盒",10,4,22,11.95,10.95,10.95,10.95,10.95,
483,"kng pa 2 knd.12",2,4,19,17.95,10.95,,10.95,10.95,17.95
484,"Gnrl Chkn大",2,10,14,9.95,8.95,,8.95,8.95,
485,"Sesme Chkn...大",2,10,19,10.95,8.95,,8.95,8.95,
486,".House Chkn.大",2,10,23,10.95,8.95,,8.95,8.95,
487,".Mongolin Beef..",2,10,27,12.95,11.95,,11.95,11.95,
488,".Red Cury Chkn大",2,10,31,9.95,,,,,
489,"小盒Veg Fri Rice",8,8,3,7.65,6.95,,6.95,6.95,
490,"小盒Chic Fri  Rice",8,8,7,7.65,6.95,,6.95,6.95,
491,"盒Veggie Delight",6,7,23,7.95,6.95,,6.95,6.95,
492,"小pk fri rice",8,8,11,7.65,6.95,,6.95,6.95,
493,"小Bf Fried Rice",8,8,15,7.65,6.95,,6.95,6.95,
494,"盒Shp  Fri Rice",8,8,19,7.65,6.95,,6.95,6.95,
495,"小 COMB Fri Rice",8,8,23,7.65,6.95,,6.95,6.95,
496,"小Comb  Lo Mein.",9,9,23,7.95,6.95,,6.95,6.95,
497,"小 Veg Lo Mein.",9,9,3,7.95,5.45,,5.45,5.45,
498,"小Cken Lo Mein.",9,9,7,7.95,5.45,,5.45,5.45,
499,".Pk Lo mein小",9,9,11,7.95,5.45,,5.45,5.45,
500,"Bf Lo Mein.小",9,9,15,7.95,5.45,,5.45,5.45,
501,"Shp Lo Mein.小",9,9,19,7.95,6.95,,6.95,6.95,
502,".steamed sh/veg.大",3,6,23,10.95,,,,,
503,".steamed sh/veg大",3,6,27,10.95,,,,,
504,"16oz cup.35",13,16,18,0.50,,,,,
505,"shrimp..盒",10,4,23,7.95,,,,,
506,"Veg Soup 1/2 PT go",5,11,1,1.95,,,,,
507,"Hot Sr Soup 1/2 P",5,11,5,1.95,,,,,
508,"Wonton Soup 1/2 PT",5,11,9,1.95,,,,,
509,"Ck con Sp1/2P",5,11,13,1.95,,,,,
510,"fried rice.",8,29,0,7.65,,,,,
511,"Lo mein..",9,29,4,7.95,,,,,
512,"Chicken...",9,29,8,8.95,,,,,
513,"Beef..",11,29,12,10.95,,,,,
514,"Shrimp...",11,29,16,11.95,,,,,
515,"Pork...",12,29,20,8.95,,,,,
516,"hotel es wa home hil e",10,4,23,11.95,10.95,10.95,10.95,10.95,
517,"DRUNKEN  NOODLES",2,10,1,8.25,,,,,
518,"ＬＡＫＳＡNdle",2,10,9,9.95,,,,,
519,"each wonton",5,11,23,0.50,,,,,
520,"Tea bag",14,14,12,0.50,,,,,0.50
521,"Mango",14,31,0,1.75,,,,,2.00
522,"Guava",14,31,4,1.75,,,,,2.00
523,"Passion Fruit",14,31,8,1.75,,,,,2.00
524,"Red Curry Shp",1,12,18,16.95,10.95,,10.95,10.95,
525,"Xing Chow Chicken",17,24,14,5.00,,,,,6.50
526,"Xing Chow Noodle",17,24,18,4.50,,,,,6.50
527,"Xing Chow Salad",17,24,22,5.00,,,,,6.50
528,"Green xing T",14,14,3,2.50,,,,,2.50
529,"Mango xing T",14,14,7,2.50,,,,,2.50
530,"Half Xing Tea",14,14,27,1.95,,,,,2.00
531,"Thai Iced Coffee",14,14,10,1.75,,,,,2.00
532,"Honey Lemon Ck",4,1,6,11.95,7.95,,7.95,7.95,
533,"Xing Chow Noo",4,1,10,8.95,5.45,,5.45,5.45,
534,"Xing Chow Summer Rolls",4,1,14,3.50,,,,,
535,"Xing Chow Salad.",4,1,18,3.95,,,,,
536,"soy milk",14,14,30,1.25,,,,,2.00
537,"mist",14,14,12,0.90,,,,,1.00
538,"AVOCADO DRINK",14,14,10,2.50,,,,,3.00
539,"Pch Green T",14,14,6,1.95,,,,,2.00
540,"blk container",4,1,27,0.50,,,,,
541,"soup cup",5,11,31,0.50,,,,,
542,"coffee.",14,14,26,1.35,,,,,
543,"Root Beer",14,14,30,1.25,,,,,1.25
544,"honey lemon tea",14,14,28,1.95,,,,,2.00
545,"INDI CURRY Ck",1,1,7,0.00,,,,,
546,"soup cont.",1,1,19,0.35,,,,,
547,"Brisk Lipton Ice T",14,14,1,1.00,,,,,1.00
548,"Veggie Soup.lg",5,11,1,6.50,,,,,
549,"Hot S 12 oz cup",5,11,5,1.00,,,,,
550,"Viet noodl8",2,10,2,11.95,,,,,11.95
551,"Pad Thai",2,10,13,8.25,,,,,
552,"mohinger",5,11,28,6.95,,,,,
553,"crab rangoon",4,1,0,6.95,,,,,7.95
554,"hunan chicken",7,33,0,5.95,,,,,9.95
555,"kung p chi",7,33,4,5.95,,,,,9.95
556,"szech chi",7,33,8,5.95,,,,,9.95
557,"string b chi",7,33,12,5.95,,,,,9.95
558,"ck. vigie",7,33,16,5.95,,,,,9.95
559,"nanjing ck",7,33,20,5.95,,,,,9.95
560,"ck broc",7,33,24,5.95,,,,,9.95
561,"mugu g pan",7,33,28,5.95,,,,,9.95
562,"hunan bf",11,33,1,6.95,,,,,11.95
563,"szech bf",11,33,5,6.95,,,,,11.95
564,"string bf",11,33,9,6.95,,,,,11.95
565,"broc. bf",11,33,13,6.95,,,,,11.95
566,"b b s bf",11,33,17,6.95,,,,,11.95
567,"bf pep onion",11,33,21,6.95,,,,,11.95
568,"hunan shr",10,33,25,6.95,,,,,10.95
569,"szech shr",10,33,29,6.95,,,,,10.95
570,"string shr",10,33,2,6.95,,,,,10.95
571,"vegie shr",10,33,6,6.95,,,,,10.95
572,"broc shr",10,33,10,6.95,,,,,10.95
573,"ss shr",10,33,14,6.95,,,,,10.95
574,"shr lob s",10,33,18,6.95,,,,,10.95
575,"vegie del",6,33,22,5.45,,,,,7.95
576,"kun p tofu",6,33,26,5.45,,,,,7.95
577,"veg tofu",6,33,30,5.45,,,,,7.95
578,"sze string",6,33,3,5.45,,,,,7.95
579,"steam veg",3,33,7,5.45,,,,,7.95
580,"stim ck veg",3,33,11,5.95,,,,,9.95
581,"stim veg tofu",3,33,15,5.45,,,,,7.95
582,"stim shr veg",3,33,19,6.95,,,,,10.95
583,"basil noodle",2,33,23,7.50,,,,,9.50
584,"c u noodle",2,33,27,7.50,,,,,9.50
585,"l.aksa",2,33,31,7.50,,,,,9.50
586,"pud thai",2,34,0,7.50,,,,,9.50
587,"vietn noodle",2,34,4,7.50,,,,,9.50
588,"HK noodle",2,34,8,6.95,,,,,9.50
589,"Indo noodle",2,34,12,6.95,,,,,9.50
590,"singa vermic",2,34,16,6.95,,,,,9.50
591,"basil F R",2,34,20,6.35,,,,,9.50
592,"borne F R",2,34,24,6.35,,,,,9.50
593,"Indo F R",2,34,28,6.35,,,,,9.50
594,"kung p 2 kind",1,34,1,6.95,,,,,10.95
595,"kung pao sh",1,34,5,8.95,,,,,12.95
596,"Triple Delite.",1,34,9,6.95,,,,,10.95
597,"Orange Chic.",1,34,17,6.50,,,,,9.95
598,"Gnrl Ts`os Ck.",1,34,13,5.95,,,,,9.95
599,"sesame c.k",1,34,21,5.95,,,,,9.95
600,"house ck",1,34,25,5.95,,,,,9.95
601,"mango bf",1,34,29,7.50,,,,,12.95
602,"ginger bf",1,34,2,7.50,,,,,12.95
603,"Basil ck",2,34,6,6.95,,,,,9.95
604,"red curry ck",2,34,10,6.95,,,,,9.95
605,"kung po sh13",2,10,22,15.95,10.50,,10.50,10.50,15.95
606,"Triple delit14",2,4,15,17.95,10.95,,10.95,10.95,17.95
607,"大WTS lg",5,11,9,6.50,,,,,
608,"大CCS lg",5,11,13,6.50,,,,,
609,"kun po sh. pa13",10,4,16,17.95,10.95,,10.95,10.95,17.95
610,"curry sh",10,4,22,17.95,10.95,,10.95,10.95,17.95
611,"salt pecks",13,15,2,0.00,,,,,
612,"Sha Cha Shrimp",10,4,21,17.95,10.95,,10.95,10.95,17.95
613,"Shrimp with cashew",10,4,14,17.95,10.95,,10.95,10.95,17.95
614,"Shp w Grn pepp",10,4,18,17.95,10.95,,10.95,10.95,17.95
615,"Shrimp with",10,4,30,17.95,10.95,,10.95,10.95,17.95
616,"Gnrl ts Ch PA15",7,2,3,9.95,5.95,,5.95,5.95,
617,"White Rice Tray",8,28,3,10.00,,,,,
618,"Orange Chic PA16",7,2,7,9.95,6.50,,6.50,6.50,
619,"Sesame Ck PA17",7,2,11,10.95,6.95,,6.95,6.95,
620,"Basil ChicPA21",7,2,15,9.95,6.95,,6.95,6.95,
621,"Red Cury CK PA22",7,2,19,10.95,6.95,,6.95,6.95,
622,"Red Cury Bf",1,12,15,12.95,7.50,,7.50,7.50,
623,"Side Steamed Tofu",13,13,26,3.50,,,,,
624,"veg soup  pint",5,11,2,3.25,,,,,
625,"Hot Tea/ Lipton",14,14,28,1.50,,,,,
626,"water 16oz",14,14,12,1.00,,,,,1.00
627,"delivery container",13,15,9,1.00,,,,,
628,"curry  noodle w chic",4,1,22,5.45,5.45,,5.45,5.45,
629,"Diet Pepsi.",14,14,8,1.25,,,,,1.25
630,"lite lemonade",14,14,20,0.90,,,,,1.00
631,"SWEET  SOUR (FW)",4,1,22,0.60,,,,,
632,"GATOR   lemon lime",14,14,25,1.75,,,,,2.00
633,"GATOR G",14,14,26,2.00,,,,,2.00
634,"GATOR  Fruit",14,14,30,1.95,,,,,2.00
635,"Sw green tea Iced",14,14,24,1.50,,,,,2.00
636,"nestea diet",14,14,29,1.25,,,,,2.00
637,"steamed snowpeas",13,13,27,5.50,,,,,
638,"stmed snow/rice",3,6,11,10.95,8.45,,8.45,8.45,
639,"nodl soup",5,11,7,2.50,1.95,,2.50,2.50,
640,"lg nodl soup",5,11,11,4.50,,,,,
641,"NESTEA BTL",14,14,28,1.25,,,,,2.00
642,"Gr Xing T Peach",14,14,6,1.95,,,,,2.00
643,"pom tea",14,14,11,2.25,,,,,2.25
644,"Uber Plates",4,1,28,0.05,,,,,
645,"PAN FRIED NOODLE",2,9,31,100.00,,,,,
646,"beef fried rice11.95",11,3,3,12.95,8.50,,8.50,8.50,12.95
647,"addictional",4,1,3,0.00,,,,,
648,"H S S pint",5,11,6,3.25,,,,,
649,"WTS pint",5,11,10,3.25,3.25,,,3.25,
650,"CCS pint",5,11,14,3.25,3.25,,,,
651,"Chic Snowpe",7,2,29,11.95,6.95,,6.95,6.95,
652,"Double cook ck",7,2,27,9.95,5.95,,5.95,5.95,
653,"Bo  Ck",4,1,10,10.95,6.95,,6.95,6.95,
654,"Spcl Fried ck",4,1,10,7.50,,,,,14.95
655,"special 2",4,1,14,5.00,,,,,
656,"All Fried Rice",13,15,27,0.00,,,,,
657,"K P ck w meat",7,2,9,11.95,6.95,,6.95,6.95,
658,"A W Beer",14,14,16,0.90,,,,,1.00
659,"Miso Soup",5,11,19,3.25,1.95,,,,
660,"Plain Lo Mein",9,9,30,5.00,,,,,7.95
661,"General Tso Chicken White Meat",7,12,9,10.95,6.95,,6.95,6.95,
662,"Fried Chicken pt.",16,35,0,5.00,,,,,
663,"Chicken Pagoda pt.",16,35,4,4.00,,,,,
664,"Chicken Fried Rice pt.",16,35,8,5.00,,,,,
665,"Chicken Lo Mein pt.",16,35,12,5.00,,,,,
666,"Sauteed Broc pt.",16,35,16,5.00,,,,,
667,"Franch Fries  pt.",16,35,20,2.50,,,,,
668,"LEMONADE.",14,14,0,1.25,,,,,1.25
669,"? soda",14,14,17,0.90,,,,,1.00
670,"Mand or mango",14,14,28,1.75,,,,,2.00
671,"Almond Cookies",13,13,28,1.00,,,,,
672,"Tofu B Bn Sau",6,7,29,12.95,8.95,,8.95,8.95,12.95
673,"Nan Jing Tofu",6,7,8,12.95,8.95,,8.95,8.95,12.95
674,"only f.egg ind.rice",2,10,9,9.50,6.35,,6.35,6.35,9.50
675,"1/2 dumpling",4,1,24,3.50,,,,,
676,"smll Water $1.00",14,14,30,1.00,,,,,1.50
677,"ICE",14,14,22,0.50,,,,,1.50
678,"home ice tea sweet",14,14,17,1.75,1.50,,1.50,1.50,1.75
679,"hot sauce",13,13,20,0.25,,,,,0.00
680,"DC Bag Fee",22,1,0,0.05,,,0.05,0.05,0.05
681,"chg to blk con $1 each",1,24,15,0.00,1.00,,1.00,1.00,0.00
682,"Beef Tofu",11,3,25,17.95,10.95,10.95,10.95,10.95,17.95
683,"DC Bag Fees",22,36,0,0.05,,,,,
684,"Diet mt. dew",14,14,13,1.00,,,,,1.00
685,"nanjing ck.",7,2,1,10.95,,,,,
686,"Hunan Chic.",7,2,5,10.95,,,,,
687,"Kung P Chic.",7,2,9,10.95,,,,,
688,"Grlic Chkn.",7,2,13,10.95,,,,,
689,"Szechu Chic",7,2,17,10.95,,,,,
690,"Strin Bn Chic.",7,2,21,10.95,,,,,
691,"Cashew Ck.",7,2,23,10.95,,,,,
692,"Veggie Chic.",7,2,27,13.95,8.50,,8.50,8.50,13.95
693,"Brocco Chic.",7,2,29,10.95,,,,,
694,"Mu Gu Gai P.",7,2,3,10.95,,,,,
695,"Sha Cha Chi",7,2,7,10.95,,,,,
696,"SweetSr Chic.",7,2,11,10.95,,,,,
697,"Ck  Blk B Sau.",7,2,15,10.95,,,,,
698,"EggPlnt Ch.",7,2,31,15.95,,,,,
699,"Pepper Chi.",7,2,27,10.95,,,,,
700,"BASIL NOODL",2,10,1,10.95,7.95,,7.95,7.95,10.95
701,"See-U Nd",2,10,5,10.95,7.95,,7.95,7.95,10.95
702,"ＬＡＫＳA",2,10,9,10.95,7.95,,7.95,7.95,10.95
703,"Pad Tha",2,10,13,10.95,7.95,,7.95,7.95,10.95
704,"H Kong Ndl",2,10,17,10.95,7.95,,7.95,7.95,10.95
705,"Indo Nood",2,10,21,10.95,7.95,,7.95,7.95,10.95
706,"Singa Ndle",2,10,25,10.95,7.95,,7.95,7.95,10.95
707,"Viet noodl",2,10,29,10.95,7.95,,7.95,7.95,10.95
708,"Basil F. Riz",2,10,15,9.95,6.95,,6.95,6.95,9.95
709,"Brneo F. R",2,10,7,9.95,6.95,,6.95,6.95,9.95
710,"Indo Fri Ri",2,10,11,9.95,6.95,,6.95,6.95,9.95
711,"kng pa 2 knd",2,4,15,12.95,8.95,,8.95,8.95,
712,"kung po sh",2,10,19,12.95,8.95,,8.95,8.95,
713,"Triple deli",2,10,23,12.95,8.95,,8.95,8.95,
714,"Mongo Beef",2,10,27,13.95,9.95,,9.95,9.95,
715,"Red Cury Chkn.22.",2,10,31,10.95,7.95,,7.95,7.95,10.95
716,"K Pao 2  Kind12.",1,4,15,12.95,8.95,,8.95,8.95,
717,"Triple Delite14.",1,4,31,12.95,8.95,,8.95,8.95,
718,"Gnrl Ts  Ck15.",1,12,9,9.95,6.95,,6.95,6.95,
719,"Orange Chic16.",2,12,13,9.95,6.95,,6.95,6.95,
720,"Sesame Ck17.",1,12,17,10.95,7.95,,7.95,7.95,
721,"House Ck..",1,12,21,10.95,7.95,,7.95,7.95,
722,"Mongo  Bf19.",1,12,25,13.95,9.95,,9.95,9.95,
723,"Basil Chic21.",1,12,7,10.95,7.95,,7.95,7.95,
724,"Red Cury Chkn22.",1,12,11,10.95,7.95,,7.95,7.95,
725,"Ginger Beef.20.",1,12,15,13.95,9.95,,9.95,9.95,
726,"Veg Fri Rice1.",8,8,2,9.95,5.95,,5.95,5.95,9.95
727,"Curry Chic16.",7,2,31,10.95,,,,,
728,"Lo mein ndl",13,13,15,4.00,,,,,
729,"VIP Gift Card",18,27,1,0.00,,,,,
730,"C C S",18,15,4,0.00,,,,,
731,"H SS",13,15,5,0.00,,,,,
732,"WTS",18,15,6,0.00,,,,,
733,"Exc-Bro Rice.",4,1,12,1.00,,,,,
734,"General Tso Chicken Test 3",23,37,12,6.95,,,,,11.95
735,"Cashew  beef",23,3,14,17.95,10.95,,10.95,10.95,17.95
736,"Hunan ck",23,37,8,6.50,,,,,10.95
737,"Vegie Ck",23,37,12,5.95,,,,,10.95
738,"kung P ck",23,37,16,6.50,,,,,10.95
739,"string bn ck",23,37,20,5.95,,,,,10.95
740,"broc.ck",23,37,13,6.95,,,,,11.95
741,"Bf Broc",23,37,13,6.95,,,,,12.95
742,"Bf G Pepper",23,37,5,6.95,,,,,12.95
743,"Hunan Bf.",23,37,9,6.95,,,,,12.95
744,"Shrimp broc",23,37,14,6.95,,,,,12.95
745,"shrimp veg",23,37,6,6.95,,,,,12.95
746,"Hunan Sh",23,37,10,6.95,,,,,12.95
747,"Chic Fri Rice。",23,37,2,5.95,,,,,10.95
748,"vef f rice",23,37,6,5.95,,,,,10.95
749,"ck lo mein",23,37,10,5.95,,,,,1095.00
750,"indo f rice ck",23,37,22,6.35,,,,,9.95
751,"Broc  Garlic8.",23,37,23,5.95,,,,,9.95
752,"Veg Delight10.",23,37,26,5.95,,,,,9.95
753,"Veg  Lo Mein1.",23,37,18,5.45,5.45,,5.45,5.45,9.95
754,"Brocco Tofu4.",23,37,31,5.95,,,,,9.95
755,"kkkk",7,2,9,10.95,,,,,
756,"Ca Tray Fried Rice",8,8,28,55.00,,,,,
757,"Exch Fr Rice",4,1,16,1.00,,,,,
758,"Vegi Delite",19,28,16,65.00,,,,,
759,"Tofu veg",19,28,20,65.00,,,,,
760,"INDO NODL",19,28,28,75.00,,,,,
761,"General Tso Tofu",19,28,2,50.00,,,,,
762,"BROC IN GARLIC SAUCE",19,28,6,65.00,,,,,
763,"SZECHN STRING BEAN",19,28,10,65.00,,,,,
764,"HUNAN CHK",19,28,14,75.00,,,,,
765,"CHK WITH STRING BEAN",19,28,1,75.00,,,,,
766,"CHK WITH BROC芥几",19,28,9,75.00,,,,,
767,"HUNAN SHRIMP",19,28,22,85.00,,,,,
768,"SHRMP WTH STRING BEAN",19,28,26,75.00,,,,,
769,"BEEF WITH STRNG BEAN",19,28,26,85.00,,,,,
770,"BEEF WTH MIX VEG",19,28,11,85.00,,,,,
771,"HONG KONG NODL",19,28,15,75.00,,,,,
772,"BASIL FRIED RICE",19,28,19,70.00,,,,,
773,"ORANGE CHK",19,28,23,75.00,,,,,
774,"MONGOLIAN BEEF",19,28,27,95.00,,,,,
775,"GINGER BEEF",19,28,31,80.00,,,,,
776,"Soy Milk V",14,14,20,1.75,,,,,2.00
777,"V 8",14,14,16,1.75,,,,,2.00
778,"Aloe Drink",14,14,30,2.50,2.00,,2.00,2.00,2.50
779,"mango(ever fresh)",14,14,26,2.50,,,,,2.50
780,"SODA.",14,14,16,0.90,,,,,1.00
781,"ICED GRN TEA",14,14,25,2.00,1.25,,1.25,1.25,
782,"Diet Sprite.",14,14,31,0.90,,,,,1.00
783,"ALL extra weldone",13,15,31,0.00,,,,,
784,"Sweet n Sour Tofu",6,7,25,12.95,8.95,,8.95,8.95,12.95
785,"Jambo Sh.F.Rice",1,8,29,13.95,9.95,,9.95,9.95,13.95
786,"Jumbo Sh.F.Rice。",2,10,29,13.95,9.95,,9.95,9.95,
787,"combo lo mein Indo sa",9,9,29,10.95,,,,,10.95
788,"冰",14,14,25,0.00,,,,,0.00
789,"Fried Ck pt.",4,1,20,5.00,,,,,9.95
790,"sriracha hot sauce",13,15,13,0.00,,,,,
791,"$0.50 sauce",13,13,24,0.50,,,,,0.50
792,"Minute Maid Light",14,14,28,0.90,,,,,1.00
793,"ana special",3,6,18,12.95,7.50,,7.50,7.50,12.95
794,"Bottle Soda",14,14,29,1.50,,,,,2.00
795,"Organic Green Tea",14,14,25,1.75,,,,,2.00
796,"exchange",13,13,20,4.00,,,,,
797,"French fries,",4,1,14,3.00,,,,,
798,"Kung Pao Bf",11,3,16,17.95,10.95,,10.95,10.95,17.95
799,"exch sh f rice",1,16,9,4.00,,,,,
800,"exch bf  f rice",1,16,10,4.00,,,,,
801,"exch ck f rice",13,16,11,4.00,,,,,
802,"LARGE STM Rice$3.5",13,13,8,3.50,,,,,
803,"s/c",1,1,31,0.75,,,,,
804,"Dr. pepper",14,14,6,0.90,,,,,1.00
805,"side order F Rice",8,8,31,4.00,4.00,4.00,4.00,4.00,4.00
806,"no plastic or napkins",13,15,9,0.00,,,,,
807,"RED BULL",14,14,25,3.50,2.75,,2.75,2.75,3.50
808,"ANA",1,38,0,0.00,,,,,
809,"Ali",1,38,1,0.00,,,,,
810,"WILLIAM",1,38,2,0.00,,,,,
811,"Chicken Snow P",7,2,23,14.95,9.95,9.95,9.95,9.95,
812,"Shrimp Snow P",10,4,31,16.95,10.95,,10.95,10.95,
813,"Bf Snow P",11,3,31,18.95,11.95,9.95,11.95,11.95,18.95
814,"General Tso Shrimp",10,4,26,17.95,10.95,,10.95,10.95,17.95
815,"BEEF。",11,3,30,17.95,10.95,,10.95,10.95,17.95
816,"coco",14,14,17,2.50,2.00,,2.00,2.00,2.50
817,"changed  TO GO",1,1,3,0.00,,,,,
818,"changed   Here",1,1,11,0.00,,,,,
819,"Ca Tray  Lo Main",2,9,28,65.00,,,,,
820,"ck cater tray",7,2,31,65.00,,,,,
821,"Basil Chic21。",7,2,15,17.95,11.95,,11.95,11.95,17.95
822,"GTs  Ck15。",7,2,26,15.95,9.95,,9.95,9.95,15.95
823,"Or Chic16。",7,2,11,15.95,9.95,,9.95,9.95,15.95
824,"Sesame Ck17。",7,2,19,17.95,11.95,,11.95,11.95,17.95
825,"House Ck.。",7,2,23,17.95,11.95,,11.95,11.95,17.95
826,"Red Cury Chicken",7,2,27,17.95,11.95,,11.95,11.95,17.95
827,"Chicken With。",7,2,22,13.95,8.50,,8.50,8.50,13.95
828,"Pina Colada",14,14,26,2.50,,,,,
829,"Shu",1,38,3,0.00,,,,,
830,"Rio",1,38,4,0.00,,,,,
831,"Pad Thai Ck",2,10,20,11.95,11.95,,11.95,11.95,11.95
832,"Mongo Ck",2,3,11,15.95,10.95,,10.95,10.95,15.95
833,"Veg Fri Rice　L",8,8,2,12.95,,,,,
834,"Chic Fri Rice",8,8,6,12.95,7.50,,7.50,7.50,
835,"Halal no c w",1,1,18,0.00,,,,,
836,"General Tso Chicken 2015",2,10,30,12.95,8.00,,8.00,8.00,12.95
837,"Ornge Ck.16",2,10,7,12.95,8.95,,8.95,8.95,12.95
838,"Sesame Ck.17",2,10,11,13.95,9.50,,9.50,9.50,13.95
839,"House Ch",2,10,15,11.95,8.95,,8.95,8.95,
840,"House Ckn.18",2,10,15,13.95,9.50,,9.50,9.50,13.95
841,"Mongo Bf.",2,10,19,14.95,9.00,,9.00,9.00,
842,"Ginger Bf.20",2,10,29,19.95,11.95,,11.95,11.95,19.95
843,"Basil Ck.21",2,10,30,17.95,11.95,,11.95,11.95,17.95
844,"hawaiian punch",14,14,30,0.90,,,,,1.00
845,"nasi goran java",2,10,29,12.70,8.70,,8.70,8.70,12.70
846,"BASIL BEEF",1,12,15,15.95,10.95,0.00,10.95,10.95,
847,"Diet Ginger Ale",14,14,16,0.90,,,,,1.00
848,"Strawberry Soda",14,14,25,0.90,,,,,1.00
849,"BRING OUT",1,1,31,0.00,,,,,
850,"Sh Tofu",10,4,19,15.95,9.50,,9.50,9.50,
851,"Sh Bf Tofu",10,4,27,15.95,9.50,,9.50,9.50,
852,"GINGER BEEF CATERING",19,28,2,95.00,,,,,
853,"Dr. Pepper.",14,14,12,1.25,,,,,1.25
854,"RED CURRY BF",11,3,27,19.95,11.95,10.95,11.95,11.95,19.95
855,"Chic Fri Rice.",7,2,3,12.95,7.50,,7.50,7.50,12.95
856,"Shr Fri Rice",10,4,15,12.95,7.50,,7.50,7.50,
857,"Silvia",1,38,5,0.00,,,,,
858,"Seperate Rice",1,1,18,0.00,,,,,
859,"vinegar",18,15,1,0.00,,,,,
860,"Lemon Grass noodl soup",5,11,25,8.95,,,,,
861,"Seaweed Noodle Soup",5,11,29,9.95,,,,,
862,"Basil Tofu",1,12,7,10.95,7.95,,7.95,7.95,
863,"kelly drink",14,14,25,200.00,,,,,2.00
864,"kelly fish ^_^",1,16,28,6.95,,,,,
865,"Jimmy",1,38,6,0.00,,,,,
866,"Karen",1,38,7,0.00,,,,,
867,"Jiang",1,38,8,0.00,,,,,
868,"Gao",1,38,9,0.00,,,,,
869,"Kelly",1,38,10,0.00,,,,,
870,"Na",1,38,11,0.00,,,,,
871,"Indo F  Rice B S C",2,10,11,11.95,8.95,,8.95,8.95,
872,"See U BSC",2,10,5,12.95,9.95,,9.95,9.95,
873,"Hong Ko Noo BSC",2,10,17,12.95,9.95,,9.95,9.95,
874,"Indo Noodl BSC",2,10,21,12.95,9.95,,9.95,9.95,
875,"Singa Noo BSC",2,10,25,12.95,9.95,,9.95,9.95,
876,"Viet Noodl BSC",2,10,29,12.95,9.95,,9.95,9.95,
877,"VIP PEN",4,1,3,3.00,,,,,
878,"VIPen",18,27,9,0.00,,,,,
879,"Gluton Free No soy sau",16,1,11,0.00,,,,,
880,"ICE .55",13,13,12,0.50,,,,,0.50
881,"dc bags fees",22,39,0,0.05,,,,,
882,"Josue Noodle",5,11,21,8.95,,,,,
883,"BLUE PUNCH",14,14,31,2.00,,,,,2.00
884,"TROPICAL CARROT",14,14,14,2.00,,,,,2.00
885,"Tray Steamed Rice",13,13,4,10.00,,,,,
886,"crying lion noodle",5,11,30,9.95,,,,,
887,"now",22,39,4,0.00,,,,,
888,"11:55 AM",22,39,8,0.00,,,,,
889,"Hot Anoa Sambal",13,16,8,7.00,,,,,
890,"Tofu Garlic Sauce",6,7,20,12.95,8.95,,8.95,8.95,12.95
891,"eggplant tu  garlic sa",6,7,31,10.95,7.50,,7.50,7.50,10.95
892,"Burmese brown rice sa",2,10,17,11.95,10.95,,10.95,10.95,
893,"Thai Curry Noodle",2,10,10,12.95,,,,,12.95
894,"exch v fried rice",22,39,12,2.50,,,,,
895,"baby corn delight",6,7,1,10.95,6.95,,6.95,6.95,
896,"egg plant 12 oz",13,13,30,4.95,,,,,
897,"kevin ssshrimp",10,4,17,17.95,10.95,,10.95,10.95,17.95
898,"Perrier Water $2.50",14,14,29,3.00,2.50,,2.50,2.50,3.00
899,"gr t  gin ale",14,14,14,1.00,,,,,1.00
900,"Citron Tea",14,14,17,2.00,,,,,2.00
901,"string bean ck garlic",7,2,11,13.95,7.50,,7.50,7.50,13.95
902,"fork nap",22,39,16,0.00,,,,,
903,"no soy, duck, musta.",22,39,20,0.00,,,,,
904,"ginger fried rice side",13,13,23,4.50,,,,,
905,"Sh w.Beansprout",10,4,27,17.95,10.95,,10.95,10.95,17.95
906,"side ses. tofu",13,13,23,4.95,,,,,
907,"no fork , napkin.",22,39,24,0.00,,,,,
908,"deliver out side",22,39,28,0.00,,,,,
909,"Ginger Tea $2.00",14,14,21,2.00,,,,,
910,"Tofu bf , ck",11,7,15,15.95,9.50,,9.50,9.50,15.95
911,"Ginseng Up",14,14,25,2.25,,,,,2.25
912,"Fried Rice add$1egg",13,13,9,4.50,,,,,
913,"Brown Rice F Rice",13,13,14,5.00,,,,,
914,"fish fried rice",1,8,14,12.95,8.95,,8.95,8.95,12.95
915,"perrier sm",14,14,26,2.00,,,,,2.00
916,"Curry bf/ potato",11,3,26,14.95,8.95,,8.95,8.95,
917,"special drink",14,14,26,2.50,2.00,,2.00,2.00,2.50
918,"Basil Ck.",19,41,0,10.05,,,,,
919,"Steamed Tofu/Broc",19,41,4,9.05,,,,,
920,"veg lo mein",19,41,8,9.05,,,,,
921,"Hong k Noodle",19,41,12,10.05,,,,,
922,"Indo Noodl",19,41,16,10.05,,,,,
923,"Singapore Ver.",19,41,20,10.05,,,,,
924,"Spring Roll",19,41,24,1.55,,,,,
925,"General Tso Chicken",23,42,1,7.50,,,,,12.95
926,"tomato egg",6,7,15,11.95,8.95,,8.95,8.95,10.95
927,"Veg  Lo Mein L",9,9,2,100.00,,,,,
928,"Chic Lomien L",9,9,6,100.00,,,,,
929,"tum yum soup",5,11,15,4.95,,,,,
930,"3 egg omelette",4,1,7,3.00,,,,,
931,"gift coke",14,14,12,2.00,,,,,
932,"broccoli",6,7,19,12.95,8.95,,8.95,8.95,12.95
933,"pellegrino",14,14,29,2.50,,,,,2.50
934,"Veggie Soup no meat",5,11,27,3.25,3.25,,,,
935,"General Tso Chicken.",23,43,29,12.95,8.00,,8.00,8.00,
936,"Kung Pao Ck",7,43,4,13.95,8.50,,8.50,8.50,
937,"NanJin chicken",23,43,8,12.95,8.00,,8.00,8.00,
938,"Ck Brocc",23,43,12,12.95,8.00,,8.00,8.00,
939,"Ck vegg",7,43,16,13.95,8.50,,8.50,8.50,
940,"Garlic  Ck",23,43,20,13.95,8.00,,8.00,8.00,
941,"Szchuan  Ck",7,43,24,13.95,8.50,,8.50,8.50,
942,"Special Ck",7,43,28,13.95,7.00,,7.00,7.00,
943,"Bf Brocc",11,43,2,15.95,9.50,,9.50,9.50,
944,"Shrim broc",11,43,6,15.95,9.50,,9.50,9.50,
945,"Ck F. Rice",23,43,10,12.95,7.50,,7.50,7.50,
946,"Ck Lo Mn",23,43,18,12.95,7.50,,7.50,7.50,
947,"Veg F Rice",7,43,14,13.95,7.50,,7.50,7.50,
948,"Veg Lo M",7,43,22,13.95,8.00,,8.00,8.00,
949,"Veg Delite",7,43,26,13.95,7.50,,7.50,7.50,
950,"Veg. Tofu.",7,43,30,13.95,7.50,,7.50,7.50,
951,"DC bag fee.",22,43,3,0.05,,,,,
952,"8 oz Fried Rice",13,13,5,2.00,,,,,
953,"Curry Tofu",6,7,22,12.95,8.95,,8.95,8.95,12.95
954,"perrier",14,14,24,2.50,,,,,2.50
955,"8 OZ Steamed Rice",13,13,1,1.25,,,,,
956,"white rice",13,44,0,2.00,,,,,
957,"Fried Rice,",13,44,1,4.00,,,,,
958,"Steamed Noodle",13,44,2,3.00,,,,,
959,"Brown Rice",13,44,3,3.00,,,,,
960,"Brown Rice Fried",13,44,4,5.00,,,,,
961,"French Fries",13,44,5,3.00,,,,,
962,"Lo Mein Noodle",13,44,6,4.00,,,,,
963,"Steamed vege",13,44,7,4.00,,,,,
964,"NanJing",1,44,8,14.95,,,,,
965,"Hunan",1,44,12,14.95,,,,,
966,"japchae noodle v",2,10,10,10.95,9.95,,9.95,9.95,
967,"w rice",6,7,0,2.00,2.00,,2.00,2.00,2.00
968,"st noodle",6,7,1,3.00,,,,,
969,"brown rice.",6,7,2,3.00,,,,,
970,"french fries.",6,7,3,1.00,,,,,
971,"fried rice..",6,7,4,4.00,,,,,
972,"lomein noodle",6,7,5,4.00,,,,,
973,"brown rice fried.",6,7,6,5.00,,,,,
974,"steamed vege.",6,7,7,4.00,,,,,
975,"w rice.",7,2,0,2.00,,,,,
976,"fr rice",7,2,4,4.00,,,,,
977,"st noodl",7,2,1,3.00,,,,,
978,"lo m noodl",7,2,5,4.00,,,,,
979,"Br rice",7,2,2,3.00,,,,,
980,"brown f.rice",7,2,6,5.00,,,,,
981,"french fr",7,2,3,3.00,,,,,
982,"St. veg",13,2,7,4.00,,,,,
983,"w. rice",11,3,0,2.00,,,,,
984,"fr.  rice",11,3,4,4.00,,,,,
985,"st  noodle",11,3,1,3.00,,,,,
986,"lo m   noodle",13,3,5,4.00,,,,,
987,"brown  rice",11,3,2,3.00,,,,,
988,"Japchae noodle",2,10,3,12.95,,,,,12.95
989,"Japchae noodle beef",2,10,18,12.95,11.95,,11.95,11.95,
990,"Japchae noodle shrimp",2,10,11,13.95,,,,,13.95
991,"w rice..",3,6,0,2.00,2.00,,2.00,2.00,
992,"see u noodl  s  b",2,10,12,13.95,,,,,13.95
993,"basil noodle s b",2,10,4,13.95,,,,,13.95
994,"fr rice。",3,6,4,4.00,,,,,
995,"st     noodle",3,6,1,3.00,,,,,
996,"lo m  noodle",3,6,5,4.00,,,,,
997,"1/2 pt rice",13,2,31,1.00,,,,,
998,"1/2rice",13,3,31,1.00,,,,,
999,"Brown rice fri rice",13,3,6,5.00,,,,,
1000,"8 oz rice..",13,7,31,1.00,,,,,
1001,"brown rice..",13,6,2,3.00,,,,,
1002,"brown rice fri",13,6,6,5.00,,,,,
1003,"french fries..",13,6,3,3.00,,,,,
1004,"St. veg.",3,6,7,4.00,,,,,
1005,"1/2 pt rice.",13,6,31,1.00,,,,,
1006,"1/2 pt rice..",13,4,31,1.00,,,,,
1007,"pt rice",13,4,0,2.00,,,,,
1008,"st  noodle.",13,4,1,3.00,,,,,
1009,"16 oz 白饭",1,16,0,2.00,,,,,
1010,"16 oz 白饭.",13,37,0,2.00,,,,,
1011,"Br rice。。",10,4,2,3.00,,,,,
1012,"brown rice fried.。",13,4,6,5.00,,,,,
1013,"french fries...",13,3,3,1.00,,,,,
1014,"St. veg..",13,3,7,4.00,,,,,
1015,"16 oz fried rice",10,4,4,4.00,,,,,
1016,"16 oz  lo main",13,4,5,4.00,,,,,
1017,"16 oz french fried",10,4,3,1.00,,,,,
1018,"16 oz steam vegetable",13,4,7,4.00,,,,,
1019,"H Kong Ndle Sh, Bf",2,10,5,13.95,,,,,13.95
1020,"Hunan Tofu",6,45,0,9.95,6.95,,6.95,6.95,9.95
1021,"Sautee Spinch",6,7,27,15.95,10.95,,10.95,10.95,15.95
1022,"Hunan Chicken.",23,43,0,13.95,8.95,,8.95,8.95,12.95
1023,"Nanjing beef",11,3,8,17.95,10.95,,10.95,10.95,17.95
1024,"Nanjing baby Shrimp",10,4,8,17.95,10.95,,10.95,10.95,17.95
1025,"Orange Shrimp",10,4,11,17.95,10.95,,10.95,10.95,17.95
1026,"Indo noodl s b",2,10,13,13.95,,,,,13.95
1027,"Singa Ndle s b",2,10,25,13.95,13.95,13.95,13.95,13.95,13.95
1028,"Viet noodl s b",2,10,6,13.95,,,,,13.95
1029,"Thai Curry Noodl s b",2,10,14,13.95,,,,,13.95
1030,"Basil F. Rice s b",2,10,26,12.95,,,,,12.95
1031,"Japchae noodle s b",2,10,7,13.95,,,,,13.95
1032,"Indo Fri Rice S B",2,10,27,12.95,12.95,,12.95,12.95,12.95
1033,"Brneo F. Ri s b",2,10,19,12.95,,,,,12.95
1034,"sets..",22,1,3,0.00,,,,,
1035,"french fries.1",13,13,7,3.00,,,,,3.00
1036,"$11 per person",19,28,30,11.00,,,,,
1037,"$15 per person",19,28,31,15.00,,,,,
1038,"Catering $20.00/per",19,28,7,20.00,,,,,
1039,"Mongoli Ck17.95",7,2,30,17.95,11.95,,11.95,11.95,17.95
1040,"eggplt bf",11,3,31,16.95,9.95,,9.95,9.95,
1041,"Eggplt shrimp",10,4,31,17.95,10.95,,10.95,10.95,17.95
1042,"basil veggie",6,7,31,13.95,10.95,,10.95,10.95,13.95
1043,"(icy code) b m snow",11,3,23,17.95,9.95,,9.95,9.95,17.95
1044,"Bristal House",18,27,6,0.00,,,,,
1045,"mongoli BF",11,3,15,19.95,11.95,,11.95,11.95,19.95
1046,"Ginger BF.",11,3,19,19.95,11.95,,11.95,11.95,19.95
1047,"(icy 3) b m snow",11,3,22,17.95,9.95,,9.95,9.95,17.95
1048,"Indo Fri Rice veg",2,46,0,9.95,,,,,
1049,"com/s/s",13,18,5,2.50,,,,,
1050,"steamed rice",13,8,3,2.00,,,,,
1051,"Large st rice $3",13,8,7,3.00,,,,,
1052,"Monster",14,14,29,3.00,,,,,3.50
1053,"HOT CHILLI OIL 16OZ",13,13,18,5.00,,,,,
